,商品,标签
0,东鹏特饮,热销
1,怡宝纯净水,热销
2,阿萨姆奶茶,热销
3,营养快线,热销
4,统一冰红茶,热销
5,脉动,热销
6,统一绿茶,热销
7,红牛,热销
8,雪碧最新款,热销
9,王老吉（罐）,热销
10,可口可乐（500ml）,热销
11,果粒橙,热销
12,可口可乐最新款,热销
13,雪碧（500ml）,热销
14,250ml维他柠檬茶,热销
15,伊利优酸乳,热销
16,250ml维他原味豆奶,热销
17,王老吉（500ml）,热销
18,银鹭八宝粥,热销
19,美年达（罐）,热销
20,145ml旺仔牛奶盒装,热销
21,伊利纯牛奶,热销
22,250ml燕塘甜牛奶,热销
23,250ml燕塘原味酸奶,热销
24,250ml红牛,热销
25,维他柠檬茶,热销
26,250ml燕塘红枣牛奶,正常
27,600ml可口可乐,正常
28,维他奶,正常
29,可口可乐330ml,正常
30,268ml雀巢咖啡丝滑拿铁,正常
31,330ml伊利畅意乳酸菌原味,正常
32,600ml脉动青柠,正常
33,500ml统一阿萨姆奶茶,正常
34,480ml小茗同学冷泡青柠红茶,正常
35,205g伊利安慕希原味,正常
36,百事可乐330ml,正常
37,茉莉蜜茶,正常
38,150g健能酸奶原味,正常
39,250ml维他奶巧克力味,正常
40,180ml雀巢咖啡罐装,正常
41,250ML东鹏特饮,正常
42,450ml美汁源果粒橙,正常
43,100g*5瓶益力多,正常
44,雀巢咖啡,正常
45,500ml加多宝,正常
46,雪碧330ml,正常
47,600ml雪碧,正常
48,可乐可乐,正常
49,维他原味豆奶,正常
50,80g香飘飘椰果奶茶麦香味,正常
51,冰糖雪梨,正常
52,乐虎（380ml）,正常
53,怡宝,正常
54,阿萨姆煎茶奶绿,正常
55,250ml王老吉盒装,正常
56,500ml农夫果园 (芒果+菠萝+番石榴),正常
57,康师傅矿泉水,正常
58,80g香飘飘椰果奶茶原味,正常
59,芬达330ml,正常
60,250ml维他奶低糖原味,正常
61,美汁源果粒橙,正常
62,健能酸奶,正常
63,雪力矿泉水,正常
64,加多宝,正常
65,480ml小茗同学冷泡溜溜哒茶,正常
66,椰树牌椰汁,正常
67,燕塘原味酸奶,正常
68,尖叫,正常
69,燕塘红枣牛奶,正常
70,百事可乐500ml,正常
71,益力多100g*5瓶,正常
72,怡宝矿泉水,正常
73,安慕希酸奶,正常
74,500ml营养快线原味,正常
75,500ml康师傅冰糖雪梨,正常
76,250ml维他奶黑豆奶饮品,正常
77,统一阿萨姆奶茶,正常
78,雪碧,正常
79,250ml统一麦香奶茶,滞销
80,250ml维他椰子植物蛋白饮料,滞销
81,维他奶（巧克力味）,滞销
82,205ml安慕希蓝莓味,滞销
83,250ml维他椰子味豆奶7716,滞销
84,可乐（500ml）,滞销
85,旺仔牛奶,滞销
86,商品2,滞销
87,500ml统一冰糖雪梨,滞销
88,燕塘甜牛奶,滞销
89,可口可乐330ml（罐）,滞销
90,乐虎,滞销
91,冰红茶（罐）,滞销
92,农夫果园,滞销
93,250ml维他椰子植物蛋白饮料9374,滞销
94,145ml旺仔牛奶罐装,滞销
95,商品1,滞销
96,芦荟汁,滞销
97,旺仔牛奶145ml,滞销
98,250ml香满楼纯牛奶,滞销
99,脉动（青柠）,滞销
100,脉动（椰子菠萝口味）,滞销
101,500ml恒大冰泉矿泉水,滞销
102,500ML宝矿力,滞销
103,经典奶茶,滞销
104,小茗同学冷泡茶（乳酸菌味）,滞销
