,商品,标签
0,怡宝纯净水,热销
1,脉动,热销
2,营养快线,热销
3,阿萨姆奶茶,热销
4,东鹏特饮,热销
5,统一冰红茶,热销
6,统一绿茶,热销
7,果粒橙,热销
8,王老吉（500ml）,热销
9,王老吉（罐）,热销
10,250ml维他柠檬茶,热销
11,250ml维他原味豆奶,热销
12,芬达330ml,热销
13,伊利优酸乳,热销
14,雪碧最新款,热销
15,红牛,热销
16,250ml燕塘原味酸奶,热销
17,可口可乐330ml,热销
18,伊利纯牛奶,热销
19,250ml燕塘甜牛奶,热销
20,145ml旺仔牛奶盒装,热销
21,银鹭八宝粥,热销
22,250ml燕塘红枣牛奶,热销
23,可口可乐（500ml）,热销
24,268ml雀巢咖啡丝滑拿铁,热销
25,雪碧330ml,热销
26,250ml红牛,热销
27,雪碧（500ml）,热销
28,维他柠檬茶,正常
29,500ml统一阿萨姆奶茶,正常
30,330ml伊利畅意乳酸菌原味,正常
31,600ml可口可乐,正常
32,600ml雪碧,正常
33,冰糖雪梨,正常
34,可口可乐最新款,正常
35,450ml美汁源果粒橙,正常
36,250ml维他奶巧克力味,正常
37,美年达（罐）,正常
38,维他奶,正常
39,600ml脉动青柠,正常
40,500ml加多宝,正常
41,雀巢咖啡,正常
42,维他原味豆奶,正常
43,205g伊利安慕希原味,正常
44,茉莉蜜茶,正常
45,480ml小茗同学冷泡青柠红茶,正常
46,可乐可乐,正常
47,尖叫,正常
48,100g*5瓶益力多,正常
49,500ml农夫果园 (芒果+菠萝+番石榴),正常
50,150g健能酸奶原味,正常
51,250ml维他奶低糖原味,正常
52,椰树牌椰汁,正常
53,康师傅矿泉水,正常
54,250ML东鹏特饮,正常
55,燕塘红枣牛奶,正常
56,旺仔牛奶,正常
57,乐虎,正常
58,加多宝,正常
59,250ml统一麦香奶茶,正常
60,脉动（青柠）,正常
61,芦荟汁,正常
62,维他奶（巧克力味）,正常
63,燕塘甜牛奶,正常
64,统一阿萨姆奶茶,正常
65,雪碧,正常
66,怡宝,正常
67,雪力矿泉水,正常
68,益力多100g*5瓶,正常
69,农夫果园,正常
70,燕塘原味酸奶,正常
71,旺仔牛奶145ml,正常
72,优益C活菌型乳酸菌饮品,正常
73,美汁源果粒橙,正常
74,健能酸奶,正常
75,180ml雀巢咖啡罐装,正常
76,500ml康师傅冰糖雪梨,正常
77,145ml旺仔牛奶罐装,正常
78,250ml王老吉盒装,正常
79,80g香飘飘椰果奶茶原味,正常
80,怡宝矿泉水,正常
81,480ml小茗同学冷泡溜溜哒茶,正常
82,百事可乐500ml,正常
83,250ml维他椰子植物蛋白饮料,正常
84,80g香飘飘椰果奶茶麦香味,正常
85,阿萨姆煎茶奶绿,滞销
86,500ml营养快线原味,滞销
87,小茗同学,滞销
88,205ml安慕希蓝莓味,滞销
89,500ml恒大冰泉矿泉水,滞销
90,脉动（椰子菠萝口味）,滞销
91,拿铁咖啡（统一）,滞销
92,500ML宝矿力,滞销
93,安慕希酸奶,滞销
94,250ml维他奶黑豆奶饮品,滞销
95,13g雀巢咖啡1+2特浓,滞销
96,可口可乐330ml（罐）,滞销
97,250ml维他椰子味豆奶7716,滞销
98,330ml伊利畅意乳酸菌草莓味,滞销
99,500ml统一冰糖雪梨,滞销
100,商品1,滞销
101,维他柠檬茶330ml（罐）,滞销
102,250ml维他椰子植物蛋白饮料9374,滞销
103,340ml蒙牛优益C乳酸菌,滞销
104,经典奶茶,滞销
105,百事可乐330ml,滞销
106,乐虎（380ml）,滞销
107,冰红茶（罐）,滞销
108,维他奶黑豆奶饮品,滞销
109,珠江纯生啤酒,滞销
110,小茗同学（青柠红茶）,滞销
111,商品2,滞销
112,小茗同学冷泡茶（乳酸菌味）,滞销
